"0","for (i in 1:25) {"
"0","  top_ig_user <- top_posting_users$user_id[i]"
"0",""
"0","  top_ig_user_posts <- ig %>% filter(user_id == top_ig_user)"
"0","  print(head(top_ig_user_posts$post_caption))"
"0","}"
"1","[1]"
"1"," ""Salam hujung minggu semua \n\nJom sembang santai Malam ini bersama Intan ladyana (Ambassador serilady) & Dylla Shahar (Master Stockist Singapore) seperti details dibawah:\n\nHari: Sabtu\nTarikh: 31/7/21\nMasa: 10 Pm-10:30 pm\nPlatform: instagram\n@anonymised_user\n@anonymised_user\n\n#teamIronLadyDylla \n#dyllashahar \n#youroneandonlyironlady \n#jusserilady \n#jamumodern""                                                                                                                                                                                                                                                                                                                                                                                                     "
"1","
"
"1","[2]"
"1"," ""SPECIAL EDITION \n\nNEW PACKAGING DAN NEW SCENT INSPIRED BY @anonymised_user \n\nSebelum ni seperti yg semua sedia maklum,\nkotak pink untuk wangian for her. Kotak hitam untuk wangian for him.\n\nTapi sekarang, packaging terbaru,untuk wangian SPECIAL EDITION, kotak berwajah Mua Bellaz kesayangan hampaa\n\nBONUS: DPTKAN FREE 3ml perfume dgn setiap 2 botol primadona atau Superstar.\n\nSPECIAL EDITION BELLA BY MUA BELLAZ, PRIMADONA dan SUPERSTAR dah ready stocks tau di HQ\n\nBoleh dapatkan dari semua reseller kami.\n\n#teamdvogue #perfumeparadise""                                                                                                                                                                                                                     "
"1","
"
"1","[3]"
"1"," ""SPECIAL EDITION \n\nNEW PACKAGING DAN NEW SCENT INSPIRED BY @anonymised_user \n\nSebelum ni seperti yg semua sedia maklum,\nkotak pink untuk wangian for her. Kotak hitam untuk wangian for him.\n\nTapi sekarang, packaging terbaru,untuk wangian SPECIAL EDITION, kotak berwajah Mua Bellaz kesayangan hampaa\n\nBONUS: DPTKAN FREE 3ml perfume dgn setiap 2 botol primadona atau Superstar.\n\nSPECIAL EDITION BELLA BY MUA BELLAZ, PRIMADONA dan SUPERSTAR dah ready stocks tau di HQ\n\nBoleh dapatkan dari semua reseller kami.\n\n#teamdvogue #perfumeparadise""                                                                                                                                                                                                                     "
"1","
"
"1","[4]"
"1"," ""SPECIAL EDITION \n\nNEW PACKAGING DAN NEW SCENT INSPIRED BY @anonymised_user \n\nSebelum ni seperti yg semua sedia maklum,\nkotak pink untuk wangian for her. Kotak hitam untuk wangian for him.\n\nTapi sekarang, packaging terbaru,untuk wangian SPECIAL EDITION, kotak berwajah Mua Bellaz kesayangan hampaa\n\nBONUS: DPTKAN FREE 3ml perfume dgn setiap 2 botol primadona atau Superstar.\n\nSPECIAL EDITION BELLA BY MUA BELLAZ, PRIMADONA dan SUPERSTAR dah ready stocks tau di HQ\n\nBoleh dapatkan dari semua reseller kami.\n\n#teamdvogue #perfumeparadise""                                                                                                                                                                                                                     "
"1","
"
"1","[5]"
"1"," ""FREE CONSULTATION WITH ZULIN!\n\nJom join programme kami,  insyallah berjaya turun berat badan! \n\nJom BERDMAGIA via our website www.teamdmagiasg.net or simply DM us to purchase! [?] \n...\n#TEAMDmagiaSG #DietMealz #DietCleanz #MealReplacement #Detox #ProgramKurusDmagia #PakarDietition #OnlineCoaching #NakKurusSihat #DietSihat\n\n...\nList of our authorised agents & dropship under TeamDmagiaSG: \n\n1) Lyna: @anonymised_user \n2) Radiah: @anonymised_user \n3) Sofie: @anonymised_user \n4) Eda: @anonymised_user \n5) Ina: @anonymised_user \n\nInterested to join our Team? Marketing materials, copywriting and support group all provided. Product is highly in demand. High profit margins! Easy income at your fingertips! We are just a DM away! Come and join us!"""
"1","
"
"1","[6]"
"1"," ""FREE CONSULTATION WITH ZULIN!\n\nJom join programme kami,  insyallah berjaya turun berat badan! \n\nJom BERDMAGIA via our website www.teamdmagiasg.net or simply DM us to purchase! [?] \n...\n#TEAMDmagiaSG #DietMealz #DietCleanz #MealReplacement #Detox #ProgramKurusDmagia #PakarDietition #OnlineCoaching #NakKurusSihat #DietSihat\n\n...\nList of our authorised agents & dropship under TeamDmagiaSG: \n\n1) Lyna: @anonymised_user \n2) Radiah: @anonymised_user \n3) Sofie: @anonymised_user \n4) Eda: @anonymised_user \n5) Ina: @anonymised_user \n\nInterested to join our Team? Marketing materials, copywriting and support group all provided. Product is highly in demand. High profit margins! Easy income at your fingertips! We are just a DM away! Come and join us!"""
"1","
"
"1","[1]"
"1"," ""Dinner for 4, $5.,70\n\nI have been wishing to eat chicken wings for quite awhile now and today at the supermarket, I saw this frozen 2kg chicken wings @anonymised_user on promotion. \nThe wings looked good so I bought and cooked half for dinner, about 7 big pieces of chicken wings marinated with sugar, salt, wine, salt, soy sauce, thick sauce, kentucky powder and cornflour for a few hours before I air fried them @ 175 degree on 10 mins each sides.\nThe result was  but can be improved by marinating it longer hours. I will buy back the same brand of chicken wings.\n\nStir fried zuccini with dried shrimp $1.30\nChicken wings $4.00""                                                                                                                                                                                                                                                                                                                                                                                                                                                                                                                                                                                                                                                                                                                                                                                                                                                                                                                                                                                                                                                                                                                                                                                                                                                                       "
"1","
"
"1","[2]"
"1"," ""I like going to the supermarkets to explore and try new food.\n\nI stopped buying expensive avocado long time ago cause I usually never able to eat them, throwing them away @ $2.50 each. \n\nToday I decide to try again the expensive avocado since it is on promotion, buy 1 free 1 @ $8.95. Hopefully it is good experience this time. \n\nMala mini abalone, on special, 60% off, 2 cans for $7.95. I wonder what does it taste like.\n\nKorean luncheon meat, i had a tiny bit the last time I bought, she ate most of it...the girl who loves pork.... It is nice, decided to buy another @anonymised_user on special.\n\nMala fried black bean fish, I bought to try but he finished and told me it is nice. Thus bought one to try. This one not on special but something new.\n\nOne nice thing about living in this cosmopolitan city is the ability to buy and try many types of food from many countries.""                                                                                                                                                                                                                                                                                                                                                                                                                                                                                                                                                                                                                                                                                                                                                                                                                                                                                                                                                                                                            "
"1","
"
"1","[3]"
"1"," ""Sunday 30.05.2021\n\n1. Create the right environment and it will happen. Everyday my visitor comes and rest for a little while. \n2-3. Neighborhood's flowers.\n4. My grocery shop's owner's pet trying to nap.\n5. I wonder who is the planter? New tomato is growing....\n6-10. My evening solo walk. \n\nMy body was tensed today. Not sure if it was the jab or stress. The evening walk was very much needed.\n\nIn the morning I read this lady's instagram story sharing her son's long moment with the sinking Titanic....>45 mins.\n\nAnd I thought...how often we adult stay with something that long? \n\nMay be it was his way of coping, his safe space....May be we adult should try it.\n\nToday I had the opportunity to try it. \nI spent 10 mins with today's sunset. \n\nMy longest with sunset. \n\nIn awe with nature. Magic.\n\nThank you universe and  @anonymised_user""                                                                                                                                                                                                                                                                                                                                                                                                                                                                                                                                                                                                                                                                                                                                                                                                                                                                                                                                                                                                                                     "
"1","
"
"1","[4]"
"1"," ""Yesterday, not in the mood to even listen to him cause I was in my own discomfort.\n\nThis morning, we had bao for breakfast.\n\n'please pack 8 for my golf kaki. ' he said.\n\nFeeling so much better...in the mood for conversation.\n\nThis morning breakfast conversation went like this. \n\n' I have decided to give up struggle. ' I said.\n' what are you struggling with? ' he asked.\n' the business environment, cashflow, sales, salary, uncertainty.....' I answered.\n\n'everybody struggles to a certain degree. ' he said.\n\n' my mum will tell you she is struggling too because she needs to take care of the house without help from my dad. ' he continued.\n\n'the house is too big for 2 of them. ' i said and thought to myself, lesson learnt here...not to have too big a house when I am older.\n\nHe is right. Everyone has struggle.....\n\nReading @anonymised_user sharing made me further realised that it is one's intention and one's capacity to love that decide if it is a struggle or not.\n""                                                                                                                                                                                                                                                                                                                                                                                                                                                                                                                                                                                                                                                                                                                                                                                                                                                                                                 "
"1","
"
"1","[5]"
"1"," ""I sometimes buy toto when the queue is not long.\n\n'Quick Pick TOTO $1.00'\n\nOf course I made several mistakes :\n1. Bought system 7 without knowing it until I had to pay.\n2. Checked the wrong draw date until a friend pointed out.\n3. Found out need to say quick pick toto cause there is also quick pick 4D.\n\nI always thought I have to have 4 numbers to win and he told me the same...'you need at least 3 + 1 additional number'\n\nBut I decided to google to check.\nTrusting is good..checking is even better.\n\nHe was wrong. I had been wrong the whole time!\n\nOnly 3 numbers to win. Small prize $10.00 but still it is a WIN.\n\nI won $10.00 and used the prize money to buy more quick pick.\n\nAnd then I won another 3 numbers...another $10.00 the second time.\n\nIt reminded me of the sweep ticket story several years ago.\n\nI used to buy one sweep ticket @anonymised_user of my way to connect to the memory of my childhood and my dad.(I dont now since they change the system. Too complicated...not as fun)\n\nDuring one difficult business period....for the sweep ticket I bought, I won the last 4 numbers with a prize money of $6.00. I continued to buy with the prize number....I kept winning $6.00 for one year!\n\nIt was comforting cause it felt like a sign to ask me to hang in there...\n\nToday it reminded me of that comfort with this 2nd winning ticket.\n\nAnd this time, my heart is full and light and grateful.\n\nActually it is quite fun to join the queue and listen to the conversation between the  customers and the toto ticket seller. They know each other quite well. \n\nWo Men Ge Zi Huo Zai Zi Ji De Xiao Shi Jie Nei ,Zai Mou Yi Ge Shi Guang Dian Yin Chu Zai Xiang Tong De Kong Jian Er Rang Ge Zi De Sheng Ming Peng Shang ,Ke Neng Jiu Shi Na Yao Ji Miao Zhong . \n\nI wonder if I had thrown any winning tickets of 3 numbers before this?"""
"1","
"
"1","[6]"
"1"," ""Let's talk about butter bread and avocado.\n\nBeing a homemaker since 20 years ago, buying grocery, cooking everyday, I see the change.\n\nBread\n1.Used to be boring, not much choices. These days, a lot of choices and still new ones to come. \n2.Yesterday I bought this new bread and it is nice and cheap @ $1.50.\n3. I saw chinese words. Quan Mai Mian Bao .Now they include chinese words. \n4. This is produced in Malaysia for Singapore supermarket, NTUC\n\nButter\n1. Used to be boring, not much choices. \nI only bought SCS.\nThese days, a lot of choices and still new ones to come.\n2. The price has increased from below $4 to $7 for a block of 250 butter.\n3. Now we have weight of 250g, 220g and 200g.\n4. Now we have butter from Australian, New Zealand, France...\n5. I can now buy French butter for the same price or even cheaper than SCS. It has been a while since I ate SCS butter.\n\nAvocado\n1. Used to be boring, not much choices. Only Australian avocado @anonymised_user $2.50 each\nThese days we have avocado from Australia, New Zealand, mexico....and their quality has improved to be comparable to Australian Avocado.\n2. Now I pay between $1 to $1.50 for an avocado.\n\nAnd then, there are fresh milk, kiwi fruits, cheese, broccoli, orange, apple, strawberries..... All kinds of fruits and vegetables.\n\nI guess... This is the benefit of capitalism, globalization.\n\nBut.... How can business survives long term if the competition is so fierce and price is one important factor for consumer to choose cause the difference between products have narrowed? \n\nAnd I heard my kids said to me the other day about sustainability.\n\n Sustainability.""                                                                                                                                                                                                     "
"1","
"
"1","[1]"
"1"," ""@anonymised_user""                                                                                          "
"1","
"
"1","[2]"
"1"," ""@anonymised_user""                                                                                          "
"1","
"
"1","[3]"
"1"," ""@anonymised_user""                                                                                          "
"1","
"
"1","[4]"
"1"," ""Wah Lau so crowded !! @anonymised_user""                                                                    "
"1","
"
"1","[5]"
"1"," ""Orh nee yam cake @anonymised_user""                                                                         "
"1","
"
"1","[6]"
"1"," ""Support local food @anonymised_user #willpower #sgfood #smallbites #burger #singaporefoodie #singaporefood"""
"1","
"
"1","[1]"
"1"," ""Annyeong! \n\nEh tetibe jer.\nJust nak inform hari ni ada Promosi Cantik Ala-Ala Korea.\n\nDapatkan Perfect Glow Cushion Foundation Nurrayss pada harga jimat lagi hebat. \n\nDatang dalam 2 tona yang sesuai untuk semua jenis kulit Asia. Foundation yang tak berat di pipi dan mudah ditanggalkan ni memang favourite ramai. \n\nPromosi berakhir malam ni tau @anonymised_user Jangan terlepas. \n\n#nurraysaSg""                                                                                                                                                                                                                                                                                  "
"1","
"
"1","[2]"
"1"," ""Today's tea break is crepe from #noshinbakes!  So sedap!  The taste is just nice, not that sweet. \n\nThank you Noshin & @anonymised_user""                                                                                                                                                                                                                                                                                                                                                                                                                                                                                                                                                            "
"1","
"
"1","[3]"
"1"," ""Kenapa nak picit jerawat bila ada sabun yang boleh kecutkan ðŸ¤­ \n\nðŸ’¥ 2 Hari Sahaja Peluang untuk dapatkan Nurrasya Collagen Soap with Marula Oil pada harga jimat habis. \n\n#teamfafrsg #collagensoap""                                                                                                                                                                                                                                                                                                                                                                                                                                                                                              "
"1","
"
"1","[4]"
"1"," ""Dah excited nak cuba Exclusive Brightening Deodorant Mist Nurraysa? \n\nDapatkan harga pre-launch dengan penjimatan sehingga $16.80 sebotol! ðŸ˜± \n\nStocks terhad! \n\n#BrighteningDeodorantMist #NurraysaSG \n#TeamFaFrSG""                                                                                                                                                                                                                                                                                                                                                                                                                                                                           "
"1","
"
"1","[5]"
"1"," ""Siapa nak Deodorant yang tahan 10 jam lama dan tidak menghitamkam ketiak? \n\nCepat comment NAK! \n\n*Stok terhad dari HQ* \n\n#DeodorantMist\n#teamfafrsg""                                                                                                                                                                                                                                                                                                                                                                                                                                                                                                                                           "
"1","
"
"1","[6]"
"1"," ""ðŸ’¥Kelebihan Exclusive Brightening Deodorant Mist Berbanding Deodorant di PasaranðŸ’¥ \n\nâ–«ï¸TIDAK MENGANDUNGI ALUMINUM CHLOROHYDRATE - yang boleh menyumbatkan pori dari peluh keluar dan menggunakan bahan semulajadi \n\nâ–«ï¸MENCERAHKAN KETIAK \n\nâ–«ï¸BAU WANGI SEHINGGA 10JAM WALAUPUN BERPELUH \n\nâ–«ï¸TIDAK MELEKIT WALAUPUN BERPELUH \n\nâ–«ï¸TIDAK MENINGGALKAN KESAN PADA BAJU \n\nâ–«ï¸TIDAK MENGHITAMKAN KETIAK \n\nâ–«ï¸SESUAI UNTUK KULIT SENSITIF \n\nâ–«ï¸TIDAK MENYEBABKAN IRITASI PADA KETIAK \n\nâ–«ï¸MENGANDUNGI BAHAN SEMULA JADI TEFLOSE YANG MENDAPAT ECO-CERT \n\nâ–«ï¸TIDAK MENGANDUNGI BAHAN KIMIA BERBAHAYA SEPERTI ALUMINIUM CHLOROHYDRATE, PARABENS, PHTHALATES DAN TRICLOSAN \n\n#DeodorantMist\n#teamfafrsg"""
"1","
"
"1","[1]"
"1"," ""For a friend who stays with you through these years. \n\nFrom the 1st bus ride we met & hit off at age of 17, til now being a mum of 2 kids. The noisiest pair in class, yet maybe the most admired inseparable good friends everyone is jealous of.\n\nHappy birthday to my pretty Soo Shan always! My gratitude & blessing to hv a BFF @anonymised_user like you by my side forever & ever"""
"1","
"
"1","[2]"
"1"," ""@anonymised_user visits 2 mornings in a row\n\n#m3sgcafe #sgcafehopping #cafesg  #cafesghopping #m3Fei Si Wo Ba  #cafesg #cafe #cafesgourmet #sgcafefood #sgcafehunt #m3myjoemylife""                                                                                                                                                                                                         "
"1","
"
"1","[3]"
"1"," ""Back to my favourite bakery  @anonymised_user\n\n#m3sgcafe #sgcafehopping #cafesg  #cafesghopping #m3Fei Si Wo Ba  #cafesg #cafe #cafesgourmet #sgcafefood #sgcafehunt""                                                                                                                                                                                                                      "
"1","
"
"1","[4]"
"1"," ""Pasta  day @anonymised_user \n\n#m3sgcafe #sgcafehopping #cafesg  #cafesghopping #m3Fei Si Wo Ba  #cafesg #cafe #cafesgourmet #sgcafefood #sgcafehunt""                                                                                                                                                                                                                                       "
"1","
"
"1","[5]"
"1"," ""28 + me + [?][?] @anonymised_user \n\nAfter years of passing by this corner quaint cafe, I stepped into this mt sophia cafe this morning\n\n#m3sgcafe #sgcafehopping #cafesg  #cafesghopping #m3Fei Si Wo Ba  #cafesg #cafe #cafesgourmet #sgcafefood #sgcafehunt #m3myjoemylife""                                                                                                            "
"1","
"
"1","[6]"
"1"," ""Walked in before opening hour, and the friendly barrister still let me in  @anonymised_user \n\nThey share the same entrance space with a Pilates studio. maybe is time to try out studio yoga or pilates? \n\n#m3sgcafe #sgcafehopping #cafesg  #cafesghopping #m3Fei Si Wo Ba  #cafesg #cafe #cafesgourmet #sgcafefood #sgcafehunt #m3myjoemylife""                                         "
"1","
"
"1","[1]"
"1"," NA                   "
"1"," ""Thank you Mr Zhaoâ€¦â¤ï¸"""
"1"," NA                   "
"1"," ""Mirror image""       "
"1"," NA                   "
"1"," NA                   "
"1","
"
"1","[1]"
"1"," NA"
"1"," NA"
"1"," NA"
"1"," NA"
"1"," NA"
"1"," NA"
"1","
"
"1","[1]"
"1"," ""From that day forth eight years ago, it's now our 8th wedding Anniversary. \n\nYOU @anonymised_user made me realise there's so many other feelings and emotions other than just being happy, can't be bothered and stoned. \n\nNever knew I could ever feel so annoyed and angry in my whole entire life with someone but never did I expect that I could love another being so much to forgive so easily (don't push it...) \n\nI'm indeed blessed to be your wife. I love you, sorry for my eye rolls and thank you. Blessed 8th Anniversary! \n\n#mrandmrspaulchan #awesomethirdawegust #eighthanniversary #wedding""                                                             "
"1","
"
"1","[2]"
"1"," ""My husband @anonymised_user is taking part in this fund raising effort RIDE TO RESTORE 2021 by @anonymised_user \n\nThe Ride to Restore is to celebrate the 34th anniversary of The Helping Hand. Participate in our one month cycling event to commemorate 34 successful years of transforming the lives of ex-offenders.\n\nAll contributions generated from this event will be reinvested into upgrading or supporting other ongoing rehabilitation programmes. We prioritize on the rehabilitation process to transform ex-offender and therefore will allocate all resources into improving and achieving our mission.\n\nPlease kindly support and donate. Link in my profile"""
"1","
"
"1","[3]"
"1"," ""Fitting well and looking smart in their new school uniforms. With the polo and skort, they're ready for golfing or tennis as well \n\n#littlemunchtwins #sgtwins #twins #twinstagram #twinsofinstagram #lifewithtwins #twingirls #kidsofinstagram #cute #love #cuties #twinsies #instatwins #twinning #sisters #twinlife #sgkids #singapore #lmt5y4m @anonymised_user""                                                                                                                                                                                                                                                                                                              "
"1","
"
"1","[4]"
"1"," ""Aircon is on. Fan is on. She's still feeling warm so she does a @anonymised_user where he likes to put his shirt like this on his head.\n\n#babydaughter #likefather #littlemunchtwins #sgtwins #twins #twinstagram #twinsofinstagram #lifewithtwins #twingirls #kidsofinstagram #cute #love #cuties #twinsies #instatwins #twinning #sisters #twinlife #sgkids #singapore #lmt5y4m""                                                                                                                                                                                                                                                                                                "
"1","
"
"1","[5]"
"1"," ""Butter croffles from my @anonymised_user sand maker\n\nPRETTY AND YUMMEHHH \n\n#gotchanstofeed #buttercroissant #croffle #bruno #croissant""                                                                                                                                                                                                                                                                                                                                                                                                                                                                                                                                         "
"1","
"
"1","[6]"
"1"," ""Roses are red\nViolets are blue\nEven though you are very irritating \nI'd still choose you\n\nHappy Thursday @anonymised_user \n\n#marriednotdead #wahlau #lol #love #poem #cheesythursday #roses #driedflowers""                                                                                                                                                                                                                                                                                                                                                                                                                                                                   "
"1","
"
"1","[1]"
"1"," ""Zhe Duan Shi [(Dou Luo Da Lu )] Zui Jing Cai De Bu Fen ,Yi Qi Lai Kan Ya ! Dou Luo Da Lu   @anonymised_user http://t.cn/A6tGuZzt"""
"1","
"
"1","[2]"
"1"," ""@anonymised_user #yeossg #yeosmoments""                                                                                           "
"1","
"
"1","[3]"
"1"," ""@anonymised_user #yeossg #yeosmoments""                                                                                           "
"1","
"
"1","[4]"
"1"," ""#quantumoftheseas2019 #thankyoucake #041219 #royalcarribeansg 04/12/19\nX Cut Cake at 1pm @anonymised_user""                      "
"1","
"
"1","[5]"
"1"," ""Luan  - Bo Luan Fan Zheng .  @anonymised_user #ZBword2019""                                                                       "
"1","
"
"1","[6]"
"1"," ""#jewelxjjlin [?]J J Lin is homegrown singer-songwriter , we would like to support Local singer  @anonymised_user""                "
"1","
"
"1","[1]"
"1"," ""@anonymised_user""                 "
"1"," ""@anonymised_user @anonymised_user"""
"1"," ""@anonymised_user @anonymised_user"""
"1","
"
"1","[4]"
"1"," ""@anonymised_user""                 "
"1"," ""@anonymised_user""                 "
"1"," ""@anonymised_user""                 "
"1","
"
"1","[1]"
"1"," ""Is this going to be the new normal? Covid-19 changed many things, but the biggest changes that are most important and which we will keep closest to our hearts, are the ones we make ourselves by embracing opportunities and along the way realise who and what really matter. Looking forward to plunging into a new chapter of my life soon, especially after realising I'm gonna have a buddy in almost the same building to play and eat with, and share woes and happy things with! YAY, and YAY to feasting by the river, with a fantastic view and that light cool breeze!  Also, thank you @anonymised_user for buying @anonymised_user bakes for my family for brekkie tmr! Super sweeet carrying it with you the entire day!""                               "
"1","
"
"1","[2]"
"1"," ""hiiii i am Reylaa Grey Hui Ge ! this is my queen and i am her little prince Xiao Wang Zi ! check out my new condo amusement park and all my toys and food and treats! my wheel glows in the dark too! i love it all! i love my chiomum and my life!  oh i also love my korkor @anonymised_user and fairy godma @anonymised_user a little bit lah!""                                                                                                                                                                                                                                                                                                                                                                                                                     "
"1","
"
"1","[3]"
"1"," ""Jo: we take one photo every year, one day you will become the shortest \n\nThanks for letting me have PE, Art, English, Cooking, Recess and Play time with the kids!  So precious watching them grow up and being part of their fun [?] @anonymised_user @anonymised_user""                                                                                                                                                                                                                                                                                                                                                                                                                                                                                             "
"1","
"
"1","[4]"
"1"," ""Follow her IG: @anonymised_user\nBorn on 23 June 2021\nAdopted by chiomum on 19 July 2021 [?]\n\nCindeReylaa Hui Gu Niang  came into my life a few moments after I collected Blackie's ashes. The moment we met, there was a beautiful burst of sunset everywhere around us. I brought Blackie and Reylaa to Potong Pasir, the home where Blackie grew up and lived 18 years of his life in, and where my home to be is being built now, also Reylaa' s future home.\n\nReylaa was initially thought to be a boy and was named Mr G.Rey Leong Hui Ge   Thanks to the ingenuity of her fairy godmother, she now has a magical fairytale name  #ReylaaHui Gu Niang  \n\nI hope you live a long life and can move with me to the home I brought you to visit earlier! [?]"""
"1","
"
"1","[5]"
"1"," ""Got a very impromptu sweet text this morning from @anonymised_user to meet her at lunchtime to collect bakes that she queued 2 hours for [?] Finally I will get to try this Blueberry Burst by @anonymised_user from @anonymised_user  Thank you, for thinking of me! Loveeeee!""                                                                                                                                                                                                                                                                                                                                                                                                                                                                                       "
"1","
"
"1","[6]"
"1"," ""Delivery for Rebecca? No such person, said my dad  Because 1 year ago I had my first taste of plain vanilla galette, courtesy of Derek Hyun Bin @anonymised_user  Got quite a shock to receive this because the box is almost as big as me  Happy Plain Vanilla Anniversary, I guess?  Thanks for making my entire family so excited lol!""                                                                                                                                                                                                                                                                                                                                                                                                                             "
"1","
"
"1","[1]"
"1"," ""Hmm.. what would life be with a furkid ? #corgi #pembrokewelshcorgi #tailless with @anonymised_user""                                            "
"1","
"
"1","[2]"
"1"," ""X marks the #sweet #sane #spot with @anonymised_user  #mrlorbaklorbak #lorbak #meltinyourmouth . They really #delivered the #goods #punintended"""
"1","
"
"1","[3]"
"1"," ""Jaw dropping #tokyo #japan #mtfuji during these wanderlusty times. Credits to @anonymised_user !!""                                              "
"1","
"
"1","[4]"
"1"," ""#nomnom #yummytime with the missus @anonymised_user""                                                                                            "
"1","
"
"1","[5]"
"1"," ""#plaster #crispy #juicy #flowy #eggy #brunch with the missus @anonymised_user""                                                                  "
"1","
"
"1","[6]"
"1"," ""#cesca #cescachair in da house !! #wootz with @anonymised_user #knoll #marcelbreuer #chair""                                                     "
"1","
"
"1","[1]"
"1"," ""Gluten Free Nuts Free Vegan Bread   @ #zerowastevegancafesg @anonymised_user \n\nfor people who need LOWFODMAP Diet #lowfodmap #lowfodmapvegan ..... chia seed, quinoa, lentil, banana, dal and that's it !! \n\ncheck us out --> back2basicliving.com\nFB : back2basic \n\n#glutenfreebread \n#glutenfreeveganbread \n#veganbread \n#nutsfreebread \n#housemadebread \n#freshlybaked \n#homemadebread \n#healthylifestyle \n#healthydiet \n#veganlifestyle \n#sustainablelifestyle \n#veganliving \n#glutenfreeveganliving \n#glutenfreeveganlifestyle \n#enjoylifelovelife \n#jcchenghandcraft \n#jcchenghandcraftfood \n#vegancafesg \n#zerowastevegancafe \n#lowfodmapdiet""                                                                                                                                                                                                                                                                                                                                                                                               "
"1","
"
"1","[2]"
"1"," ""As some of you know, Back2basic focuses not only on delicious vegan food, but also sustainability and zero waste management.\n\nWe are absolutely pleased to announced that we are now like many other businesses, partnered up with @anonymised_user !\n\nBare pack containers are reusable and you can drop them off at any of the islandwide location they provide! \n\nWe would like to encourage more people in supporting this Zero Waste cause for future generations \n\nFor delivery orders, we will now offer barepack containers upon requested! \n\n#earthing \n#back2basic\n#back2basiccafe\n#rawvegan\n#veganism\n#rawvegancafe\n#rawvegancake\n#petscafe \n#vegansg \n#vegancafe \n#vegancafesg \n#veganfoodsg \n#veganfood \n#plantbased \n#plantbaseddiet \n#petsvegancafe\n#petsplantbasedcafe\n#petsfriendlycafe \n#petsfriendlycafesg \n#glutenfreevegancafe \n#glutenfreevegancafesg \n#plantbasedcafesg \n#plantbasedvegancafesg \n#plantbasedvegancafe \n#reconnectwithnature \n#picniccafe \n#picniccafesg\n#animalcrueltyfreefood \n#sustainablefood"""
"1","
"
"1","[3]"
"1"," ""Otoro Sashimi Sushi  \nSheng Ji Su Shi -Ding Ji Tun Na Yu Ci Shen  \n\nThis is one of our everyday delivery which selling HOT [?] NOW \n\nThank You for our Raw Vegan Customer who keep re-ordering with us ALMOST Everyday \n\n#Sheng Ji Su Shi  \n#rawvegan \n#rawveganfood \n#rawvegandiet \n#wholefood \n#wholeplantbased \n#veganfood \n#veganfoodshare \n#rawfood \n#craftingthefuturefood \n#craftingfuturefood \n#jcchenghandcraftfood \n#jcchenghandmadefood \n#rawvegancafesg \n#vegancafesg \n#veganfoodsg \n#veganfooddeliverysg \n#plantbasedfoods \n#Chun Su Shi  \n#Tun Na Yu Ci Shen  \n\n@anonymised_user \nback2basicliving.com""                                                                                                                                                                                                                                                                                                                                                                                                                            "
"1","
"
"1","[4]"
"1"," ""Otoro Sashimi Sushi  \n\nSheng Ji Su Shi -Ding Ji Tun Na Yu Ci Shen  \nXi Mi Hao Si Ban Chang Shou Si Ni  \n\nBYO CONTAINER for takeaway $15%off \nPromo Code : ECOGREEN15 \n\n#Sheng Ji Su Shi  \n#rawvegan \n#rawveganfood \n#rawvegandiet \n#wholefood \n#wholeplantbased \n#veganfood \n#veganfoodshare \n#rawfood \n#craftingthefuturefood \n#craftingfuturefood \n#jcchenghandcraftfood \n#jcchenghandmadefood \n#rawvegancafesg \n#vegancafesg \n#veganfoodsg \n#veganfooddeliverysg \n#plantbasedfoods \n#Chun Su Shi  \n#Tun Na Yu Ci Shen  \n\nIG : @anonymised_user \nVisit : back2basicliving.com \nFB : Back2Basic \nSimple & Natural Homemade""                                                                                                                                                                                                                                                                                                                                                                                                                  "
"1","
"
"1","[5]"
"1"," ""Sustainable Awareness & Kombucha Workshop and Fund Raising for Kampung Senang. \n\nhttps://greenandhealthyfestival.myshopify.com/products/kumbucha\n\n#kombuchalover \n#kombuchalove \n#kombuchaworkshopsg \n#kombuchaworkshop \n#kombuchasharing \n#reduceglasswaste \n#reuseglassjars \n#repurposeglassbottle \n#sustainablelifestyle \n#sustainablelivingsg \n#sustainablefoodsg \n#ecofriendlylivingsg \n#animalcrueltyfree \n#fermentedfood \n#cultureddrinks \n#fermentation \n#fermentationlover\n#kampungsenang \n#fundraising \n\n@anonymised_user""                                                                                                                                                                                                                                                                                                                                                                                                                                                                                                                  "
"1","
"
"1","[6]"
"1"," ""Sustainable Awareness, Upcycling and Fund Raising for Kampung Senang [?][?][?]\n\nHow to reduce repurpose plastic and food waste ?\nCan we go for more homemade and keep reusing our glass jar at home [?][?]\n\nhttps://greenandhealthyfestival.myshopify.com/products/kumbucha\n\nhttps://greenandhealthyfestival.myshopify.com/products/recycling-upcycling\n\n#kampungsenang \n#greenandhealthyfestival \n#sustainablelifestyle \n#ecofriendlyliving \n#sustainableliving \n#upcycling \n#recycling \n#upcyclingsg \n#zerowastesg \n#recyclingsg \n#repurpose \n#reduceplastic \n#reducereuserecycle \n#reusefoodwaste \n#reuserevolution \n#impactseeker \n#gamechangers \n#gamechanger \n#socialimpact \n#climatechangeisreal \n#saveournextgeneration \n#fundraising \n\nIG : @anonymised_user\nFB Page : Simple & Natural Homemade\nFB Page : Back2Basic""                                                                                                                                                                                                             "
"1","
"
"1","[1]"
"1"," ""Was going through some old photos and I realised that most of my birthday  cakes were \n'Black Forest Cake' from Han's \n.\nThanks to my dear brother @anonymised_user  for always arranging my birthday  cakes\n.\nSuddenly craved for a slice of Black Forest cake  and got it! Hmmm...  Super nostalgic  yummy ~~  \n.\n#[?]#[?][?][?][?][?][?][?][?][?][?][?]#[?]#[?]\n.\n#blackforestcake #cakes #birthdays""                 "
"1","
"
"1","[2]"
"1"," ""Guess which is mine hahaha\n.\nIt all started with @anonymised_user  making his abalone porridge ... it was so contagious  that my cravings came too ...\n.\nSo yum! So if you have a soon to be expired can of abalone, pair it with ur porridge  ... super warming for the soul... especially during such unassuming times like this \n.\n*licking my spoon *\n.\n#abalone #porridge #abaloneporridge #soulfood #behappy #smile"""
"1","
"
"1","[3]"
"1"," ""Having a blast with @anonymised_user\n.\nA long overdue catch up ... \n.\n#beertime  #bffs""                                                                                                                                                                                                                                                                                                                                       "
"1","
"
"1","[4]"
"1"," ""Thanks so so much for gifting us your awesome cooking sis @anonymised_user and big bro @anonymised_user .. food was awesome \n.\nBeen under the weather after the , fever , body aches etc ... but this really did me a solid! \n.\n#loveit #beefstew #love #weak""                                                                                                                                                                "
"1","
"
"1","[5]"
"1"," ""Really needed something sweet today\n.\nThanks @anonymised_user for these wonderful kueh kueh surprises \n.\nSuper fresh ... soft and definitely brought plenty of smiles during tea break\n.\n#kuehkosui #ondehondeh #smile #yummy""                                                                                                                                                                                              "
"1","
"
"1","[6]"
"1"," ""I love cooking with music  and It's been so long since I made this \n.\nIt was during 2020's covid circuit breaker, was watching this awesome pesto pasta video from @anonymised_user that kept me grounded, sane and tastebuds satisfied \n.\nDidn't have time to buy the burrata  but it was still Deeeeeeelish \n.\n#pesto #pasta #yummy""                                                                                      "
"1","
"
"1","[1]"
"1"," ""Reposted from @anonymised_user [SHARE THIS POST & WIN $10 CAPITALAND VOUCHERS] \n\nMore than just offering FREE SAMPLES, Auntie Sam is now inviting you to enjoy 88% off* access fees on @anonymised_user when you sign up in the month of August through us! \n\nHere's how:\n1. Have an Auntie Sam account.\n2. Sign in and go to 'store' tab, click on the 'Endowus 88% off access fees' voucher.\n3. Click on the link within the voucher and complete your sign up with Endowus.\n*Note that the same email and mobile no. has to be used for both accounts and these details will be shared with Endowus for verification purposes.\n\nPlease view the full T&Cs in the voucher to qualify for this lobang!\n\n3 lucky winners will stand a chance to win a $10 Capitaland voucher!  Simply do the following:\n1. Follow @anonymised_user , have an active account with us.\n2. Tag 3 friends in the comments (multiple comments allowed).\n\nBonus Task:\nShare this post to x2 your chances of winning!\n\nTerms & Conditions \n- Only open to participants residing in Singapore.\n- Only sharing/tagging between now till 14/8/21 2359hrs will be considered \n- Winners will be contacted through DMs on 15/8/21. (Please respond within 24 hours or your prize will be forfeited) \n\n[?][?]Disclaimer: This post does not constitute endorsements by Auntie Sam of these websites or the information, products or services maintained through them. Please exercise due diligence before embarking on any investments or purchasing any investment products and direct any enquiries to their representatives.\n\n#endowus #auntiesamsg"""
"1","
"
"1","[2]"
"1"," ""Reposted from @anonymised_user Bright Lift Giveaway Campaign from YA-MAN!\n\nDon't miss a chance to win facial care device from Japan No.1 brand for free \n\nFor our Singapore family we are giving Bright Lift cost 790S$\n\nHere is how to participate in giveaway:\n\n1[?] Follow our Instagram page @anonymised_user \n2[?] Like and share this post \n3[?] Tag 2 friends\n4[?] Comment below this post why do you need Bright Lift and hashtag #yamansingaporegiveaway \n\nDon't forget to open your account [?]\n\nWe will choose a random winner on 1st August! \n\nGood luck \n\n#yamansingapore #yamansingaporegiveaway\n#brightlift""                                                                                                                                                                                                                                                                                                                                                                                                                                                                                                                                                                                                                                                                                                                                                                                                                                                                                                                                                                                                      "
"1","
"
"1","[3]"
"1"," ""Reposted from @anonymised_user To celebrate PND's success of producing more than 100 top agents every month, earning more than 5-figures a month, we will be giving away an Apple AirPods Pro to 1 lucky winner. PND team members will qualify for an additional $50 Toastbox voucher for you to lim kopi with your clients. \n\nTo enter:\nLike PND's IG page \nLike this post \nComment \""PND, where everyone succeeds\"" \nTag 3 friends\nShare this post\n\nThis giveaway is open to all Singapore residents till 13 Aug 2021 2359h. \n\n*Correction note: We apologise for the photo placement. The prize is an Apple Airpod Pro. \n\n#huttonspnd #huttonsgroup #ig #huttons #sgrealtors #sgproperty #realestatesingapore #teamworkmakesthedreamwork #sgrealestate #division #huttonsdivision #betteryou #journeytogether #sgcovid19 #stayhomeSG #sgunited #stayhomeforsg #stayhomestaysafe #sgcontest #sggiveaway#giveawaysg #reddotsgiveaway #giveawaysg #sggiveaways #giveawaysingapore""                                                                                                                                                                                                                                                                                                                                                                                                                                                                                                                                                                                                                                                      "
"1","
"
"1","[4]"
"1"," ""Reposted from @anonymised_user Giveaway!\n\nBefore July 2021 comes to an end, it's time for another giveaway!\n\nDuring YangSen 90 days weight loss program, it is important to weigh ourselves every morning on an empty stomach to capture our real weight. \n\nMonitoring our weight is important during the program because it provides us with an indication of what is happening to our body. For example, if we have found our food friend(s) that can aids us in weight loss or food enemies that hamper our progress and we should avoid them especially during the slimming journey. \n\nTo facilitate and encourage you on your wellness journey, @anonymised_user would like to giveaway to 1 lucky follower a Xiao Mi Body Body Composition Scale 2 that allows you to check and track body datas and perform body composition analysis using the Mi fit app! \n\nHow to win?\n1. Like this and the last 3 posts \n2. Follow @anonymised_user\n3. Tag at least 3 friends. 1 tag per entry. More tags more chance!\n4. Repost for additional 3 chances!\n\nSubmit unlimited entries from today 28 Jul 2021 (Wed) to 9 Aug 2021 (Mon) 2359hrs.\n\n*Open to @anonymised_user Instagram account only \n\nGood luck and stay safe!""                                                                                                                                                                                                                                                                                                                                                                                                          "
"1","
"
"1","[5]"
"1"," ""Reposted from @anonymised_user **GIVEAWAY** Celebrates Singapore 56th Birthday! Stand a chance to win a S$56 gift card!\n\nHow to win:\n(1) Like this post & follow us. (2) Leave a comment, share with us your heart-felt birthday wishes for Singapore. (3) Share/Repost and tag 2 friends.\n\nGiveaway ends on 15 August, 2359hrs and is opened locally only. 3 lucky winners will be chosen and result will be announced on 18 August 2021.""                                                                                                                                                                                                                                                                                                                                                                                                                                                                                                                                                                                                                                                                                                                                                                                                                                                                                                                                                                                                                                                                                                                                                                                                     "
"1","
"
"1","[6]"
"1"," ""Reposted from @anonymised_user WE HAVE HIT 10K! \n          \nIn celebration of this milestone, we would like to giveaway 3 boxes of Meals In Minutes (includes a Joe's Burger) worth $88 to 3 lucky winners! \n          \nHOW TO WIN\nLike and share this post and tag 3 friends in the comment box (set your account to public)\nFollow @anonymised_user on Instagram and Facebook\nTo double up your winning chances, share a post/story of Meals In Minutes at your nearest NTUC Finest grocer and tag us! \n          \nThank you all for the continuous support \n          \nTERMS & CONDITIONS\n- Giveaway ends on 1 August 2021\n- Winners will be announced on 2 August on IG stories and contacted via DM\n- Only open to Singapore""                                                                                                                                                                                                                                                                                                                                                                                                                                                                                                                                                                                                                                                                                                                                                                                                                                                                                                     "
"1","
"
"1","[1]"
"1"," ""If I had been asked a few times  who has the most legend  golden rock voice in  ..it's still always you @anonymised_user ...Phewiiiit""                                                                                                                                                                                                                                                                                                                                                                                                                                                                                                                                                                                                                      "
"1","
"
"1","[2]"
"1"," ""As per @anonymised_user hope this Coffee taste as good as the money fly .. steep in price ...you have to be an 'active' member to purchase the capsule..\n#cafecitodecuba\nAfter A Long Wait... Nespresso Of Switzerland Announces \""For A Limited Time\"" New Releases Of \""Cafecito de Cuba\"".\nCafecito de Cuba is an intense coffee made from 100% Cuban Arabica beans. The intensely roasted character boasts powerful and delightfully smoky notes of wood and tobacco leaves. Indulge your palate with its dense velvety texture. ...sure bitter sia\nGo ahead, ask someone \""how do you take your coffee?\"" and watch what happens. From the particular to the laissez-faire, my answer will always be 'Seriously, very very Seriously'[?]\n[?], EY="""
"1","
"
"1","[3]"
"1"," ""@anonymised_user \n#lancomebigmonsuiermascara\n#lancomebigmascara""                                                                                                                                                                                                                                                                                                                                                                                                                                                                                                                                                                                                                                                                                          "
"1","
"
"1","[4]"
"1"," ""For you babe @anonymised_user ....since u pon terminat lol all the way in USA from sun shiny SG...how can u not like this face n voice lol[?]\n#kalacintamenggoda""                                                                                                                                                                                                                                                                                                                                                                                                                                                                                                                                                                                          "
"1","
"
"1","[5]"
"1"," ""Impressive of this bag from @anonymised_user \n-its light \n-its squishy\n-uses vegan leather\n-flawless \nI love it""                                                                                                                                                                                                                                                                                                                                                                                                                                                                                                                                                                                                                                       "
"1","
"
"1","[6]"
"1"," ""I drool...its my fav ring ever since i laid my eyes  from @anonymised_user\nI want!!!!\n#notmyhand\n#nakplease\n#mytasteisimpleionlylikethebest""                                                                                                                                                                                                                                                                                                                                                                                                                                                                                                                                                                                                            "
"1","
"
"1","[1]"
"1"," ""ä¸èµ·çœ¼ï¼Œå¸¸è¢«å¿½è§†ï¼Œä½†æ€»æœ‰è¢«çœ‹ä¸Šçš„ä¸€å¤©ã€‚\n*\n*\n*\n*\n*\n#tv_flowers #ig_discover_petal #floral_secrets #flowers #flowers_and_more_flowers #_flowersworld_ #_international_flowers_ #9vaga9 #9vaga_flowersart9 #top_favourite_flowers #awesome_flowers #captures_flowers\n#superb_flowers #ip_blossoms #my_daily_flower #fav_flowers\n#9vaga_3flower9 \n#ip_blossoms_members\n#fleur_noblesse #naturephotography #plant #nature""                               "
"1","
"
"1","[2]"
"1"," ""å¿ƒå¿ƒç›¸å°\n*\n*\n*\n*\n*\n#tv_flowers #ig_discover_petal #floral_secrets #flowers #flowers_and_more_flowers #_flowersworld_ #_international_flowers_ #9vaga9 #9vaga_flowersart9 #top_favourite_flowers #awesome_flowers #captures_flowers\n#superb_flowers #ip_blossoms #my_daily_flower #fav_flowers\n#9vaga_3flower9 \n#ip_blossoms_members\n#fleur_noblesse #naturephotography #plant #nature""                                                             "
"1","
"
"1","[3]"
"1"," ""é£Žé›¨è¿‡åŽ\n*\n*\n*\n*\n*\n#tv_flowers #ig_discover_petal #floral_secrets #flowers #flowers_and_more_flowers #_flowersworld_ #_international_flowers_ #9vaga9 #9vaga_flowersart9 #top_favourite_flowers #awesome_flowers #captures_flowers\n#superb_flowers #ip_blossoms #my_daily_flower #fav_flowers\n#9vaga_3flower9 \n#ip_blossoms_members\n#fleur_noblesse #naturephotography #plant #nature""                                                             "
"1","
"
"1","[4]"
"1"," ""ç”Ÿå‘½æ˜¯ä¸€ä¸ªå¥‹æ–—çš„è¿‡ç¨‹ï¼Œä¹Ÿæ˜¯ä¸€ä¸ªç­‰å¾…çš„è¿‡ç¨‹ã€‚\n*\n*\n*\n*\n*\n#tv_flowers #ig_discover_petal #floral_secrets #flowers #flowers_and_more_flowers #_flowersworld_ #_international_flowers_ #9vaga9 #9vaga_flowersart9 #top_favourite_flowers #awesome_flowers #captures_flowers\n#superb_flowers #ip_blossoms #my_daily_flower #fav_flowers\n#9vaga_3flower9 \n#ip_blossoms_members\n#fleur_noblesse #naturephotography #plant #nature""                           "
"1","
"
"1","[5]"
"1"," ""\""çˆ±æ„çš„ä¼ é€’çº¯ç„¶å‘è‡ªå†…å¿ƒï¼Œå¯¹äºŽç”Ÿå‘½çš„å°Šé‡,å¾€å¾€æ½œä¼äºŽæ˜“è¢«å¿½ç•¥çš„ç»†èŠ‚ã€‚\""\n*\n*\n*\n*\n*\n#tv_flowers #ig_discover_petal #floral_secrets #flowers #flowers_and_more_flowers #_flowersworld_ #_international_flowers_ #9vaga9 #9vaga_flowersart9 #top_favourite_flowers #awesome_flowers #captures_flowers\n#superb_flowers #ip_blossoms #my_daily_flower #fav_flowers\n#9vaga_3flower9 \n#ip_blossoms_members\n#fleur_noblesse #naturephotography #plant #nature"""
"1","
"
"1","[6]"
"1"," ""\""é‡ŽèŠ±ä¸ç§å¹´å¹´æœ‰ï¼Œçƒ¦æ¼æ— æ ¹æ—¥æ—¥ç”Ÿã€‚\""\n*\n*\n*\n*\n*\n#tv_flowers #ig_discover_petal #floral_secrets #flowers #flowers_and_more_flowers #_flowersworld_ #_international_flowers_ #9vaga9 #9vaga_flowersart9 #top_favourite_flowers #awesome_flowers #captures_flowers\n#superb_flowers #ip_blossoms #my_daily_flower #fav_flowers\n#9vaga_3flower9 \n#ip_blossoms_members\n#fleur_noblesse #naturephotography #plant #nature""                                 "
"1","
"
"1","[1]"
"1"," ""watermelonwipesmochi refreshes soft and watermelon me @anonymised_user  . @anonymised_user bought .. Pun intended""                                                                                               "
"1","
"
"1","[2]"
"1"," ""#mondaymochiblues a kind of blue ya turquoise @anonymised_user and zooms n for dom earphones despite forgetting my stuffsss n losing them again -.-""                                                             "
"1","
"
"1","[3]"
"1"," ""Being straight and good ... yet paid another compliment..called the greatest woman alive aw .\nThat can withstand his character and OCD. He ,too so kindly helped .. her son and with the dog . @anonymised_user"""
"1","
"
"1","[4]"
"1"," ""#asgoodasitgetsmovie #cuteandinnocentdogs @anonymised_user""                                                                                                                                                      "
"1","
"
"1","[5]"
"1"," ""Aw Dicky can make it with his nanny .. @anonymised_user  n cool Andy in the show too""                                                                                                                            "
"1","
"
"1","[6]"
"1"," ""#andylaudickycheungfuturecops @anonymised_user @anonymised_user""                                                                                                                                                 "
"1","
"
"1","[1]"
"1"," ""Having @anonymised_user for our Dinner today! Feeling so lazy and tired \n\nOrdered the 1for1 Deal at @anonymised_user total paid $29.19\n\nHad their Grilled Chicken Chop with Summer Kabana Pork Sausage with Black Pepper Sauce and Griled Lamb Chop. It also comes with Cheesy Mayo Fries \n\n#SlupFoodie #IGFood #InstaFood #FoodPorn #SingaporeFoodie #SingaporeFood #FoodPics #SGFood #SGFoodstagram #SGFoodPorn #WhatI8Today #FoodPornSg #SGFoodHunt #Foodie #FoodDiary #westenfood #FoodOfTheDay #FoodPost #Food #OnMyTable #chickenchop #lambchops #commongrillbycollins"""
"1","
"
"1","[2]"
"1"," ""My FAVOURITE Orh Jiao \n\nI used to have so many of their stuff and then when I grew up I'm like ok fine they are not my thing anymore and gave MOST away but then as grow I kinda miss my Black Bird \n\nSaw it last month @anonymised_user but kinda need to buy $5 worth of items 5 times and then pay $8.90 to pick a box of surprise \n\nWell I didn't have too! Thanks to @anonymised_user for shopping at 7-Eleven  I get to have my #badbadtzmaru  @anonymised_user\n\n#sanrio #sanriocharacters #badbadtz #badbadtzmaruclub #toy #blackbird #7eleven #orhjiao""            "
"1","
"
"1","[3]"
"1"," ""Blessed to have Dessert from @anonymised_user delivered \n\n#ThankYou \n\n#SlupFoodie #IGFood #InstaFood #FoodPorn #SingaporeFoodie #SingaporeFood #FoodPics #SGFood #SGFoodstagram #SGFoodPorn #WhatI8Today #FoodPornSg #SGFoodHunt #Foodie #FoodDiary #FoodOfTheDay #FoodPost #Food #OnMyTable #ninefreshdesserts #ninefresh #dessert""                                                                                                                                                                                                                                           "
"1","
"
"1","[4]"
"1"," ""@anonymised_user Dark Chocolate Milk brought it from @anonymised_user at 2 for $5.95\n\nNot very thick feels like normal chocolate milk and I wonder why it's sold out but not say very shiok or anything just ok loh \n\n#TikTokMadeMeBuyIt #darkchocolatemilk #farmhousedarkchocolatemilk #farmhouse #chocolatemilk #SlupFoodie #Milk #OnMyTable""                                                                                                                                                                                                                                "
"1","
"
"1","[5]"
"1"," ""Mala Bak Kwa from @anonymised_user \n\nNice interesting favour. Mild spicy and the taste is there \n\n#malabakkwa #bakkwa #roastedpork #SlupFoodie #IGFood #InstaFood #FoodPorn #SingaporeFoodie #SingaporeFood #FoodPics #SGFood #SGFoodstagram #SGFoodPorn #WhatI8Today #FoodPornSg #SGFoodHunt #Foodie #FoodDiary #FoodOfTheDay #FoodPost #Food #OnMyTable #beechenghiang""                                                                                                                                                                                                      "
"1","
"
"1","[6]"
"1"," ""Snacks from @anonymised_user Chill and Netflix \n\n#SlupFoodie #IGFood #InstaFood #FoodPorn #SingaporeFoodie #SingaporeFood #FoodPics #SGFood #SGFoodstagram #SGFoodPorn #WhatI8Today #FoodPornSg #SGFoodHunt #Foodie #FoodDiary #FoodOfTheDay #FoodPost #Food #OnMyTable #dondondonki""                                                                                                                                                                                                                                                                                            "
"1","
"
"1","[1]"
"1"," ""So happy surfing is now an official sport in the Olympics!  Big congrats to @anonymised_user \n.\n\nPosted @anonymised_user * @anonymised_user One of the most special heats of my career so far. Needing a 9 in the last 8 minutes of the heat against the best surfer in the world to guarantee a medal, the pressure was really weighing on me but I knew it was a big moment for me. I'm so thankful the wave came  thank you for always pushing our sport @anonymised_user .""                                                                                                                                                                                                                                                                                                                                                                                                                                                                                                                                                                                                                                                                                                                                                                                                                                                                                                             "
"1","
"
"1","[2]"
"1"," ""Because it's now \n.\nPosted @anonymised_user * @anonymised_user As supporters of sustainability and fans of activists everywhere, abillion is very proud to support Collective Fashion Justice (@anonymised_user founded by activist, model and abillion ambassador Emma Hakansson (@anonymised_user who is launching their first documentary, Willow and Claude.\n\nThe documentary discusses the value of a totally transparent, ethical and more sustainable fashion supply chain. Emma's quest to find an alternative to wool and synthetics materials takes her to Emerald, Queensland where she visits an Australian cotton farm and meets a farmer who dispels the myths about the cotton industry.\n\nWhen asked about the making of the film, Emma explained, \""The purpose of the film was very clear from the beginning: explain the main issues tied to the wool industry, and show that there is a better way forward. We wanted to highlight plant-based fiber alternatives and show that you can still support local farmers and industry, without being cruel to animals or supporting an industry contributing significantly to the climate crisis.\""\n\nThe film is set to premiere next Thursday, 22nd July 2021 with a virtual screening on www.collectivefashionjustice.org/willow-and-claude. Tap the link in our bio for more of our conversation with Emma Hakansson."""
"1","
"
"1","[3]"
"1"," ""decided to give this a try @anonymised_user thank you for the prompt delivery and great taste! Always good to have options and alternatives to quality and sustainable products. And to all my Nespresso friends, give these a try. You won't regret it. Their caps are \""Nespresso-compatible\"". [?][?]""                                                                                                                                                                                                                                                                                                                                                                                                                                                                                                                                                                                                                                                                                                                                                                                                                                                                                                                                                                                                                                                                                      "
"1","
"
"1","[4]"
"1"," ""not my favourite weather but it is when I'm at home, feeling snug and have a book with me. The cool is welcoming any time in our little tropical island. I spent the whole of yesterday, recharging my thoughts, myself and spent a rewarding time with @anonymised_user God is so good. He's blessed us with such great weather yesterday. \n.\nIt's a stay home Saturday for me""                                                                                                                                                                                                                                                                                                                                                                                                                                                                                                                                                                                                                                                                                                                                                                                                                                                                                                                                                                                                             "
"1","
"
"1","[5]"
"1"," ""So true.\n.\nSo I decided on a couple of things. \n.\nPosted @anonymised_user * @anonymised_user Bie Zai Xun Qiu Ta Ren De Tong Yi  \n \nBie Zai Kao Wen Zi Ji Gou Bu Gou Ge  \n \nYi Dui Bi Ni [Mei Zi Ge ] De Ren Du Zai Xing Dong Liao  \n \nMei You Li You Rang Wei Lai De Zi Ji Hou Hui""                                                                                                                                                                                                                                                                                                                                                                                                                                                                                                                                                                                                                                                                                                                                                                                                                                                                                                                                                                                                                                                                                                  "
"1","
"
"1","[6]"
"1"," ""We don't take many photos together but we always pick up easily where we last left off. @anonymised_user punctuated my last post birthday celebration with a sumptuous seafood meal (but not so much the service) and a chat-into-the-evening away at atas #signaturekoicafe We shall both Jia You  together and witness the goodness of Him in our lives. \n.\n#bettereveryday #gratitude #Cong Tong Shi Bian Peng You""                                                                                                                                                                                                                                                                                                                                                                                                                                                                                                                                                                                                                                                                                                                                                                                                                                                                                                                                                                       "
"1","
"
"1","[1]"
"1"," ""Liked and Shared @anonymised_user""                 "
"1"," ""Liked and Shared @anonymised_user""                 "
"1","
"
"1","[3]"
"1"," ""Liked and Shared @anonymised_user""                 "
"1"," ""Liked and Shared @anonymised_user""                 "
"1","
"
"1","[5]"
"1"," ""Liked and Shared @anonymised_user @anonymised_user"""
"1"," ""Liked and Shared @anonymised_user""                 "
"1","
"
"1","[1]"
"1"," ""Once in a blue moon, I get to work some magic in the kitchen. Thankful that @anonymised_user mum let me use any ingredient I fancy in the kitchen. After a quick assessment, HZ and I decided to create a 3 dish meal - \n\npotato noodles with seaweed, dumplings, mushrooms and Mani Cai leaves; \n\ncucumber and four-angled beans with chilli, garlic and balsamic vinegar; and \n\nkimchi.\n\nThe Mani Cai leaves, cucumber, four-angled beans, chilli are harvests from gardens we care for.  \n\nThe noodles and balsamic vinegar were rescued items.\n\nThe kimchi was purchased but I am thankful to experience taking it out of the glass container and cutting a roll of kimchi as our third dish. It reminded me the value of preserving your fresh produce and the value of having such healthy options in the kitchen. \n\nIt reminds me of having a minimal waste kitchen. It is not quite zero waste yet but at least the plastic is recycled (we hope), the used water is collected for watering the plants, and the food scraps are composted in soil. \n\n#kitchenadventures #thankful""                                                                                                                                                                                                                                                                                                                                                                                     "
"1","
"
"1","[2]"
"1"," ""Curating a virtual garden tour series. @anonymised_user whom I invited to organise a session with me, invited me to check out a garden she frequently told me about. As I walked in, I came to realise this was no ordinary garden. It is a garden with many stories and many things. I was most interested in the family story. \n\nThis is a garden and learning space rented by a family business. A sibling does 3D sculptures. There are photos of his work and I easily recognised at least 2 of them. Another sibling pointed out her hand-drawn illustration of flowering plants. \n\nThe ladies, whom I was introduced to today, were really friendly. They are happy to make friends, chat and exchange knowledge. I went home with two gifts - a potted plant and a plant bearing seeds. \n\nThis garden is quite a distance from where I stay but I would love to come again and interact with the family and hear their stories.\n\n#gardenobservations""                                                                                                                                                                                                                                                                                                                                                                                                                                                                                                                          "
"1","
"
"1","[3]"
"1"," ""Milestone moment for @anonymised_user , a community food scrap composting project by contributors of @anonymised_user \n\nSome of us in the Collective were making compost in our own homes and community gardens. Helping others outside our own 'hood to kick-start Compost Hubs seemed like a far-away dream. \n\nToday, I had the opportunity to be part of a 10-min FB live chat with Jeremy of Jurong Lake Gardens, LY (allotment gardener and compost maker), and host Kris @anonymised_user\n\nThe live chat comes after several months of journeying with a small group of Jurong Lake Gardens volunteers and allotment gardeners, and guiding them to become confident compost makers and foodscrappers. We started off as trainers. We experimented new ideas with them. Over time, we become friends who simply enjoy each other's presence. It is heartwarming to hear how some were inspired to kick-start similar community compost initiatives in their own residential estates.  \n\nGroundwork discussions with Jurong Lake Gardens to encourage community-based composting at the national garden started back in 2019. This was before Project Black Gold became a project where we could collaborate and reach for our individual and shared goals. \n\n#community #compost #JurongLakeGardens #thankful #sgcompoststory""                                                                                                                                                 "
"1","
"
"1","[4]"
"1"," ""Join me tomorrow morning for a live chat on community composting at Jurong Lake Gardens! \n\nUpdate: Tune in to NParks' event at the link below on SAT from ~10.45 to 10.55am. It is a 10-min chat between Jeremy of Jurong Lake Gardens, LY (allotment gardener and compost maker), myself (representing Project Black Gold), and our host @anonymised_user\n\nhttps://www.facebook.com/events/492129888760551\n\n#communitycompost #compost\n@anonymised_user""                                                                                                                                                                                                                                                                                                                                                                                                                                                                                                                                                                                                                                                                                                                                                                                                                                                                                                                                                                                                                               "
"1","
"
"1","[5]"
"1"," ""Thankful for the food that I got to enjoy over two meals and more...\n\nA friend of @anonymised_user offered to ta-bao dinner from a Japanese store across the island.  He was game enough to bring some BYO food containers there and back. He even gave us fresh produce that he has excess of! \n\nAnother individual from the 'hood shared with us two loaves of sourdough bread. The family doesn't eat cheese which the bread has a lot of. They advised us to store the bread in the freezer after slicing.\n\nHanzhong's mum also shared with me some slices of homemade cake. She said it ended up more bread-like than cake. I agree and think it is quite nice.\n\n#foodsharing #thankful""                                                                                                                                                                                                                                                                                                                                                                                                                                                                                                                                                                                                                                                                                                                                                                                          "
"1","
"
"1","[6]"
"1"," ""Second time at making rings that we would treasure. Thankful for the guidance of Lyn from @anonymised_user\n\nThis second making experience is less scary. I find myself at ease with using the vernier caliper (last used in school) and various tools. There are moments where @anonymised_user and I had to work together as a team  \n\nBoth ring making sessions are special. The first session was scary (deal with the dust, new machines, loud sound, fear of being cut by moving metal and all). It represented us taking a huge step forward as a couple and making a silent commitment to walk our life journey together. The second session represented us completing this step and ready to take the next step forward.\n\nThe choice of wood rings was intentional. We originally looked for options to make our own metal rings. It was difficult to know the source of metal which was a concern. Wood rings became our choice as wood at Studio MUYU are rescued from locally cut trees. It is as environmentally sustainable an option as you can get for rings. That wood may not last as long as metal is not of key concern as one can always make a new pair of rings. While we do intend to treasure the rings, it is the symbolism and the relationship that we treasure rather than the physical ring itself. \n\nThe entire process supports us in working together as a couple and creating meaningful moments that we will remember. \n\n#couplerings #whatwevalue"""
"1","
"
"1","[1]"
"1"," ""Take away soups and homecooked veggies for dinner.\n\n#soups #eatwell #dinner #æ™šé¤#å¥½åƒå¥½å– # ç‚–æ±¤""                                                                                                                                                                                                    "
"1","
"
"1","[2]"
"1"," ""Coffee and sweet snacks time.\n\n#coffeetime #sweetsnacks""                                                                                                                                                                                                                                              "
"1","
"
"1","[3]"
"1"," ""Homemade banana pancakes and fruits yogurt for breakfast. \n\n#fruitsyoghurt #homecooked #eatwell #glutenfree #pancakes  #æ¾é¥¼ #æ— éº¸è´¨#å¥½åƒå¥½ä½ #å®…åœ¨å®¶""                                                                                                                                                "
"1","
"
"1","[4]"
"1"," ""Cheesy pan fried sweet potatoes  with glutinous rice cake (red tortoise cake) for breakfast. \n\n#sweet&savoury #redtortoisecake #breakfast #eatwell #stayhomebreakfast""                                                                                                                                "
"1","
"
"1","[5]"
"1"," ""Back on the mat after months of being busy or maybe its an \""excuse\"", but am glad that I did it on this lazy Sunday morning. \n\n#yoga #everydayyoga #loveyoga #loveyourself #selflove #onlyyoga #namaste #mindfulness #yogaforever #yogaflow #onthemat #peace #beherenow #ç‘œä¼½#çˆ±ç‘œä¼½#çˆ±è‡ªå·±#åªçˆ±ç‘œä¼½"""
"1","
"
"1","[6]"
"1"," ""Afternoon snacks. \nHomemade \""red tortoise cake\"" by godmum ðŸ˜.\n\n#anggukueh #homemade #afternoonsnack #eatwell #çº¢é¾Ÿç²¿ #å®…åœ¨å®¶ #æ‰‹å·¥ç”œç‚¹""                                                                                                                                                            "
"1","
"
"1","[1]"
"1"," ""Thank you @anonymised_user \nYou made my week.  Beautiful box of roses  with led lights to give a better effect.""                                                                                                                                                                                                                                                                                                                                                                                                            "
"1","
"
"1","[2]"
"1"," ""Round 5 : Durian feast marathon into the 3rd week before the season is ending soon. \n\nThis year has been a great year to enjoy durian puas-puas.\n\nFrom the 30yo durian tree. \n@anonymised_user""                                                                                                                                                                                                                                                                                                                         "
"1","
"
"1","[3]"
"1"," ""Round 4 : The feeling was like found my right life partner who makes me feel endless joy, wonderful moments & happiness. \n\nEach bite was an unforgettable & emotionally making me  broke down with tears from the inside to the outside. \n\nEverlasting great sensation in the tongue then through the throat. \n\nFinally, my breath & heart beat was like from deep to smooth then in total peace [?] & glowing on my face with the sweetest smile on my face. \n\nIt's truly PRECIOUS like a GEM. \n\n@anonymised_user"""
"1","
"
"1","[4]"
"1"," ""#jgndudukje @anonymised_user @anonymised_user @anonymised_user let's get funky & shake your sexy legs. @anonymised_user #hiitchallenge #yakultmalaysia #everybodyeveryday""                                                                                                                                                                                                                                                                                                                                                   "
"1","
"
"1","[5]"
"1"," ""Round 3-MK day from Vintage old tree 30-49yo.\n@anonymised_user #oldestmusangking #rayacollective #zeropesticide""                                                                                                                                                                                                                                                                                                                                                                                                            "
"1","
"
"1","[6]"
"1"," ""Support #Lokal @anonymised_user newly opened dessert stall located in Taman OUG.""                                                                                                                                                                                                                                                                                                                                                                                                                                            "
"1","
"
"1","[1]"
"1"," ""@anonymised_user @anonymised_user @anonymised_user  Some of the amazing tropical flowers I saw this week. Happy Sunday everyone ! #Flowers #Tropics #Gardens""                                                                                                                                                                                                                                                             "
"1","
"
"1","[2]"
"1"," ""@anonymised_user @anonymised_user @anonymised_user @anonymised_user @anonymised_user  I'm very pleased at the lemon cake I baked this morning. It was such a simple recipe that took a jiffy to create. I replaced diary milk with almond milk to be more vegan and have parred it here with cacao coconut yoghurt. The flavours, textures and colours worked deliciously ! #HealthyCooking #Lemons #Cacao #Baking #Vegan"""
"1","
"
"1","[3]"
"1"," ""@anonymised_user @anonymised_user  Some of the beautiful flowers I saw this week on my walks and runs around my island Singapore. #Flowers #Walks #Runs #Singapore""                                                                                                                                                                                                                                                       "
"1","
"
"1","[4]"
"1"," ""@anonymised_user @anonymised_user It's beginning to look a lot like National Day - 12 days and counting! Enjoy the video! #August9 #NationalDay #Singapore""                                                                                                                                                                                                                                                               "
"1","
"
"1","[5]"
"1"," ""@anonymised_user @anonymised_user  It was a magnificent morning for a run in Singapore through the @anonymised_user campus. I even caught the moon at the end of its shift ... Blessed be the able bodied who are strong in limbs and spirit. Have a blessed and lovely evening everyone. #Running #BlessedMornings #Fitness""                                                                                             "
"1","
"
"1","[6]"
"1"," ""@anonymised_user Another blessed day. Give thanks and take well deserved rest. Happy and blessed Sunday ! #Sundays #Sunshine #Singapore""                                                                                                                                                                                                                                                                                  "
"1","
"
